id,gender,age,famsize
1,female,51,2
2,male,38,2
3,female,41,1
4,female,24,1
5,female,48,5
6,female,46,1
7,male,36,1
8,female,30,1
9,female,26,3
10,female,57,5
11,female,49,4
12,female,44,1
13,female,23,4
14,female,25,4
15,female,19,3
16,female,21,2
17,female,22,1
18,female,37,4
19,female,32,5
20,female,50,1
21,female,56,4
22,female,53,4
23,female,48,5
24,female,28,5
25,female,42,2
26,female,33,5
27,female,28,2
28,female,35,3
29,male,46,4
30,female,54,1
31,female,55,1
32,female,49,5
33,male,54,5
34,male,54,1
35,female,22,3
36,male,39,3
37,female,52,2
38,female,57,4
39,male,59,3
40,male,55,5
41,female,32,4
42,female,44,1
43,female,23,4
44,male,33,3
45,male,43,4
46,male,55,1
47,female,45,3
48,female,21,3
49,female,44,4
50,male,47,2
51,male,18,4
52,male,37,5
53,female,30,4
54,female,41,3
55,female,47,3
56,male,29,2
57,male,36,4
58,female,45,1
59,female,24,4
60,female,18,2
61,male,41,5
62,female,40,5
63,male,58,4
64,female,35,5
65,female,41,1
66,female,57,4
67,female,48,4
68,female,50,1
69,female,32,1
70,female,48,1
71,female,49,3
72,male,28,5
73,male,25,3
74,female,54,5
75,female,45,5
76,female,29,2
77,female,39,5
78,male,49,3
79,male,45,5
80,female,53,1
81,female,49,1
82,female,35,3
83,male,53,5
84,male,32,3
85,male,31,1
86,male,24,4
87,male,30,4
88,male,38,5
89,female,19,4
90,female,29,2
91,male,53,1
92,male,55,1
93,female,53,4
94,female,46,4
95,female,33,1
96,female,46,3
97,female,26,1
98,male,25,1
99,female,32,2
100,female,36,5
101,female,51,4
102,female,29,3
103,female,24,1
104,female,43,3
105,female,54,3
106,male,31,5
107,female,58,3
108,female,49,3
109,male,21,3
110,male,41,4
111,female,23,1
112,female,59,1
113,female,55,3
114,female,48,5
115,female,38,3
116,female,54,4
117,male,44,5
118,male,57,5
119,female,48,5
120,male,51,1
121,female,49,1
122,male,19,4
123,female,50,5
124,female,49,5
125,female,33,5
126,female,23,2
127,male,49,1
128,female,32,5
129,male,33,2
130,male,24,4
131,female,25,3
132,female,51,5
133,male,43,1
134,male,30,4
135,male,55,4
136,female,19,4
137,female,20,5
138,female,26,1
139,male,33,4
140,female,47,3
141,female,28,2
142,female,29,4
143,male,50,1
144,female,31,3
145,male,35,4
146,male,58,3
147,male,51,1
148,female,54,2
149,male,46,5
150,female,52,1
151,female,49,5
152,male,42,4
153,female,38,4
154,female,59,3
155,male,42,3
156,female,31,4
157,male,29,2
158,male,41,3
159,male,50,3
160,female,56,1
161,female,52,3
162,female,25,2
163,male,35,5
164,male,24,5
165,female,43,3
166,male,49,2
167,female,58,2
168,male,51,3
169,female,20,5
170,female,48,1
171,female,33,5
172,male,50,2
173,male,42,5
174,male,18,2
175,female,48,5
176,female,45,3
177,male,42,1
178,female,34,1
179,male,28,5
180,male,19,3
181,male,39,5
182,female,38,3
183,female,45,4
184,male,19,4
185,female,34,3
186,male,24,5
187,female,55,2
188,female,19,3
189,female,45,1
190,female,49,3
191,male,56,1
192,female,52,3
193,female,35,5
194,male,45,5
195,female,55,1
196,male,39,4
197,male,48,4
198,female,45,4
199,male,26,1
200,female,53,2
201,female,31,3
202,male,54,4
203,female,55,5
204,female,30,1
205,male,30,1
206,female,49,2
207,male,29,4
208,female,30,4
209,female,53,3
210,female,52,4
211,female,18,3
212,female,58,3
213,female,29,1
214,female,47,2
215,female,31,4
216,male,23,4
217,female,18,2
218,male,31,5
219,female,27,3
220,male,19,2
221,female,35,4
222,female,41,4
223,female,32,5
224,female,54,2
225,female,53,1
226,male,30,3
227,female,35,5
228,male,34,3
229,female,29,4
230,female,33,4
231,male,40,5
232,female,50,5
233,female,31,1
234,female,31,2
235,male,31,2
236,female,39,3
237,female,47,1
238,female,57,1
239,female,32,4
240,female,37,1
241,male,19,4
242,female,27,3
243,male,57,3
244,female,22,1
245,male,26,2
246,female,23,1
247,female,23,2
248,female,21,1
249,female,47,4
250,female,22,2
251,female,59,2
252,male,32,4
253,male,24,4
254,male,37,1
255,female,28,2
256,female,20,3
257,male,24,4
258,female,29,1
259,female,20,3
260,female,42,2
261,male,19,4
262,male,26,5
263,female,32,3
264,female,25,5
265,female,37,3
266,female,35,2
267,female,58,2
268,female,56,3
269,female,40,4
270,female,32,3
271,female,58,2
272,female,28,5
273,female,26,3
274,female,53,4
275,male,56,4
276,male,30,5
277,female,51,2
278,female,51,4
279,male,27,4
280,male,21,3
281,female,31,3
282,female,49,3
283,male,56,5
284,male,43,2
285,male,31,4
286,female,52,5
287,male,31,1
288,female,57,5
289,female,18,3
290,female,41,4
291,female,26,2
292,female,22,1
293,female,19,1
294,male,37,5
295,female,46,3
296,male,18,1
297,male,57,5
298,male,35,1
299,female,56,4
300,male,21,5
301,male,29,4
302,female,32,1
303,female,42,2
304,female,26,5
305,male,55,3
306,female,27,4
307,female,38,3
308,female,40,5
309,female,35,4
310,female,19,5
311,female,31,5
312,female,30,4
313,female,51,5
314,male,53,4
315,male,27,5
316,female,50,4
317,male,46,4
318,male,35,5
319,female,47,3
320,female,21,1
321,female,56,5
322,female,38,3
323,male,23,5
324,male,18,5
325,female,28,1
326,female,27,4
327,male,45,5
328,male,25,4
329,female,47,4
330,female,22,2
331,female,33,5
332,female,19,4
333,female,59,2
334,male,21,2
335,female,39,3
336,female,21,3
337,female,22,5
338,male,28,4
339,male,52,2
340,female,48,2
341,female,40,3
342,female,24,3
343,male,25,3
344,female,27,3
345,male,31,1
346,female,18,4
347,female,43,2
348,female,27,3
349,female,31,5
350,male,47,3
351,male,19,4
352,female,47,2
353,female,27,4
354,female,58,2
355,female,28,5
356,male,58,1
357,female,41,4
358,female,28,3
359,female,27,5
360,male,45,1
361,female,51,3
362,female,38,1
363,male,19,2
364,female,33,4
365,male,44,3
366,female,59,2
367,male,52,1
368,female,42,2
369,female,46,4
370,male,57,1
371,female,20,2
372,female,34,3
373,female,47,5
374,male,35,3
375,female,31,2
376,male,54,4
377,female,18,2
378,male,34,3
379,female,36,3
380,female,36,5
381,female,49,5
382,female,45,1
383,female,27,2
384,female,31,4
385,male,19,2
386,male,42,1
387,female,52,4
388,male,53,5
389,male,43,5
390,male,28,4
391,female,47,5
392,female,24,5
393,female,46,4
394,male,25,1
395,female,55,3
396,male,24,3
397,male,54,4
398,female,23,4
399,female,54,2
400,female,51,4
401,male,36,3
402,female,59,4
403,female,53,3
404,female,52,1
405,male,35,2
406,male,48,1
407,female,59,4
408,female,38,2
409,female,50,1
410,female,47,5
411,female,56,5
412,male,36,3
413,female,30,3
414,female,48,5
415,female,39,4
416,male,48,3
417,female,52,3
418,female,52,3
419,male,43,3
420,female,25,1
421,male,53,4
422,male,57,2
423,female,21,5
424,female,41,5
425,female,24,1
426,male,46,5
427,female,51,4
428,male,36,5
429,female,46,5
430,female,44,4
431,female,43,4
432,female,20,5
433,male,48,2
434,male,21,3
435,female,36,1
436,female,39,1
437,female,42,3
438,female,24,2
439,male,40,4
440,female,42,2
441,male,21,2
442,female,45,2
443,female,59,1
444,female,22,5
445,female,26,3
446,female,44,1
447,female,25,5
448,female,59,3
449,male,21,1
450,female,53,2
451,male,29,4
452,female,39,1
453,male,32,3
454,female,36,4
455,female,24,5
456,male,50,1
457,male,18,2
458,female,26,3
459,male,30,1
460,female,39,3
461,female,51,4
462,female,31,4
463,female,49,1
464,female,31,1
465,male,50,3
466,female,50,4
467,male,33,1
468,female,56,4
469,male,54,2
470,male,21,5
471,male,51,3
472,female,54,3
473,male,40,4
474,male,51,1
475,female,33,1
476,female,48,1
477,female,29,2
478,female,18,3
479,male,55,4
480,male,53,2
481,male,22,3
482,female,39,3
483,male,58,4
484,male,27,5
485,female,21,4
486,male,50,5
487,male,23,5
488,female,48,4
489,female,19,2
490,male,18,2
491,female,32,4
492,female,19,5
493,male,47,4
494,female,42,4
495,male,53,4
496,female,56,3
497,female,45,2
498,female,49,5
499,male,35,1
500,male,21,5
501,male,54,3
502,male,50,1
503,male,30,1
504,female,52,2
505,female,55,3
506,female,32,3
507,female,52,3
508,female,43,1
509,male,44,3
510,female,21,1
511,male,26,5
512,female,54,1
513,male,59,5
514,female,43,2
515,male,28,3
516,male,19,4
517,female,33,1
518,male,49,1
519,female,22,3
520,female,44,4
521,female,20,1
522,male,32,4
523,female,32,4
524,female,42,5
525,male,23,4
526,female,20,4
527,female,21,1
528,female,56,4
529,male,38,5
530,female,51,2
531,female,54,3
532,female,51,3
533,female,55,2
534,male,32,3
535,female,57,2
536,female,29,2
537,female,47,1
538,female,32,4
539,male,36,1
540,male,50,5
541,male,57,3
542,female,19,5
543,female,28,3
544,male,38,5
545,female,55,4
546,female,54,5
547,female,32,3
548,female,23,2
549,female,33,5
550,male,45,5
551,male,59,2
552,female,26,4
553,female,23,4
554,male,51,2
555,female,43,4
556,female,40,2
557,female,20,4
558,male,24,4
559,female,20,5
560,female,26,1
561,female,22,3
562,male,53,1
563,female,29,3
564,female,31,1
565,male,40,5
566,female,57,3
567,male,31,1
568,female,53,4
569,female,43,2
570,female,33,2
571,male,26,5
572,male,47,4
573,female,45,5
574,female,56,1
575,female,54,5
576,male,34,2
577,male,47,4
578,male,54,5
579,male,21,5
580,female,56,5
581,female,52,2
582,female,33,2
583,female,28,1
584,female,59,4
585,male,52,3
586,female,36,1
587,female,28,1
588,female,57,2
589,female,32,1
590,female,55,3
591,female,18,1
592,female,30,5
593,female,56,4
594,female,19,4
595,male,59,1
596,male,46,2
597,female,57,4
598,male,23,2
599,female,33,1
600,female,28,4
601,male,20,1
602,male,21,2
603,female,27,5
604,female,31,3
605,male,21,3
606,male,34,3
607,female,52,5
608,female,37,4
609,male,43,5
610,female,58,1
611,female,35,5
612,female,49,4
613,female,20,5
614,female,23,3
615,male,40,1
616,female,49,5
617,female,43,3
618,female,31,5
619,female,36,5
620,male,31,4
621,male,35,1
622,female,45,2
623,female,41,3
624,female,37,3
625,female,36,5
626,female,48,4
627,male,46,5
628,male,49,1
629,female,34,2
630,female,18,4
631,male,53,2
632,female,43,5
633,female,43,1
634,male,29,1
635,female,43,4
636,female,43,3
637,female,37,5
638,female,25,1
639,female,37,1
640,female,52,5
641,male,43,3
642,female,26,4
643,female,48,1
644,male,59,3
645,female,58,1
646,male,46,1
647,male,35,2
648,female,51,1
649,male,53,2
650,female,45,5
651,female,53,4
652,female,36,2
653,female,41,1
654,male,57,2
655,female,55,4
656,female,58,2
657,female,45,2
658,male,52,2
659,male,31,5
660,female,53,1
661,female,24,3
662,female,39,2
663,female,37,1
664,female,56,2
665,female,41,3
666,female,27,1
667,female,27,1
668,female,53,4
669,male,27,5
670,female,38,3
671,female,57,3
672,female,51,1
673,male,18,3
674,female,53,1
675,female,53,3
676,female,42,3
677,female,57,4
678,male,37,5
679,male,21,1
680,male,25,3
681,female,21,1
682,female,31,5
683,female,23,3
684,male,22,3
685,female,19,4
686,female,50,2
687,female,40,4
688,male,36,1
689,male,59,5
690,female,41,5
691,female,49,3
692,male,26,1
693,male,50,4
694,male,53,2
695,female,50,5
696,female,37,2
697,male,31,4
698,female,27,1
699,male,33,2
700,female,19,3
701,female,47,1
702,male,31,5
703,female,20,3
704,male,30,2
705,female,18,2
706,female,58,5
707,female,49,2
708,female,27,5
709,male,49,5
710,female,52,5
711,male,48,5
712,male,54,5
713,female,39,2
714,female,47,5
715,female,41,3
716,female,53,1
717,female,37,4
718,male,24,4
719,male,27,1
720,male,27,2
721,female,52,4
722,female,22,4
723,female,41,5
724,female,41,2
725,female,28,5
726,male,20,4
727,female,26,5
728,female,38,1
729,female,34,5
730,female,48,1
731,male,34,3
732,female,43,1
733,female,38,5
734,male,36,3
735,female,20,3
736,male,21,3
737,male,39,1
738,male,18,2
739,female,36,1
740,female,46,3
741,female,58,3
742,female,45,2
743,male,26,5
744,female,25,3
745,female,50,5
746,male,44,1
747,female,20,3
748,male,22,5
749,female,26,5
750,female,46,4
751,male,34,2
752,female,33,5
753,female,22,3
754,female,39,2
755,male,38,3
756,male,20,5
757,female,37,2
758,female,23,5
759,male,47,1
760,female,54,5
761,male,39,1
762,male,53,3
763,female,48,3
764,female,30,1
765,male,42,5
766,male,18,2
767,female,40,4
768,female,29,2
769,female,40,4
770,male,58,2
771,female,24,4
772,female,27,4
773,female,37,1
774,male,30,1
775,male,37,2
776,male,44,1
777,female,33,2
778,female,46,2
779,female,53,5
780,female,32,5
781,female,52,1
782,female,49,1
783,female,56,1
784,female,51,5
785,male,45,1
786,female,37,1
787,male,29,1
788,male,52,1
789,female,44,1
790,male,25,1
791,female,48,1
792,male,38,4
793,female,57,5
794,male,48,4
795,male,48,2
796,female,35,3
797,male,49,5
798,male,39,2
799,male,33,4
800,male,48,4
801,male,36,2
802,female,20,4
803,male,28,1
804,female,53,2
805,male,55,4
806,female,29,4
807,female,43,1
808,female,39,5
809,female,29,1
810,female,44,4
811,female,39,1
812,female,49,5
813,male,48,4
814,female,20,3
815,female,42,2
816,female,38,3
817,male,45,4
818,male,52,5
819,male,18,2
820,male,25,5
821,female,57,1
822,male,29,5
823,female,48,3
824,female,36,1
825,male,44,1
826,male,22,1
827,male,26,5
828,female,36,1
829,female,32,2
830,female,22,1
831,female,46,4
832,male,48,5
833,female,23,2
834,female,45,2
835,female,54,3
836,female,20,1
837,female,53,1
838,female,40,3
839,female,20,3
840,female,30,3
841,female,37,1
842,female,33,2
843,female,19,1
844,male,58,4
845,female,45,1
846,female,44,1
847,male,44,4
848,female,36,3
849,male,25,2
850,male,18,2
851,female,55,3
852,female,38,2
853,male,48,5
854,female,21,1
855,male,49,3
856,female,57,5
857,female,34,5
858,male,19,5
859,male,49,4
860,female,48,4
861,female,31,2
862,female,47,1
863,male,41,4
864,female,32,1
865,male,37,3
866,male,30,1
867,female,26,3
868,male,30,1
869,male,42,2
870,female,25,2
871,female,32,5
872,female,33,4
873,female,25,1
874,male,44,5
875,male,35,5
876,female,18,1
877,female,54,4
878,female,59,4
879,male,36,5
880,female,51,4
881,male,40,5
882,female,44,1
883,female,44,4
884,male,25,5
885,female,18,3
886,female,23,2
887,male,48,2
888,female,35,4
889,female,33,4
890,male,59,2
891,female,55,5
892,female,28,1
893,male,58,1
894,female,41,3
895,female,28,1
896,male,43,5
897,male,48,2
898,female,57,1
899,male,34,2
900,female,47,5
901,male,34,5
902,female,51,5
903,female,23,1
904,female,23,1
905,male,57,5
906,female,47,4
907,male,32,5
908,female,50,5
909,male,32,1
910,female,50,1
911,female,31,5
912,female,27,1
913,female,43,3
914,female,20,3
915,female,47,1
916,female,24,1
917,female,39,1
918,female,34,4
919,female,18,1
920,female,32,5
921,female,47,5
922,male,20,1
923,female,31,5
924,male,43,5
925,female,33,5
926,female,41,4
927,female,56,3
928,male,39,3
929,female,55,1
930,male,19,1
931,female,57,3
932,male,45,3
933,female,35,4
934,female,51,5
935,female,54,2
936,female,25,3
937,male,51,5
938,female,59,3
939,female,32,1
940,male,49,2
941,female,36,1
942,male,31,1
943,female,56,3
944,male,49,4
945,female,37,4
946,male,19,5
947,male,24,5
948,male,25,3
949,male,39,5
950,male,39,3
951,female,28,2
952,female,29,1
953,female,42,2
954,female,38,3
955,female,40,1
956,female,40,1
957,male,47,4
958,male,18,1
959,female,22,4
960,male,44,4
961,female,46,1
962,female,25,4
963,male,52,4
964,female,50,4
965,female,26,3
966,male,49,1
967,female,57,3
968,female,19,5
969,male,28,3
970,male,19,4
971,female,42,5
972,male,22,2
973,female,31,5
974,male,55,4
975,female,54,4
976,female,53,4
977,female,39,3
978,male,33,5
979,female,50,1
980,male,25,2
981,male,45,5
982,female,31,1
983,female,27,4
984,female,22,2
985,female,38,3
986,male,20,1
987,female,28,3
988,female,19,5
989,female,32,1
990,female,31,2
991,female,26,4
992,female,30,5
993,female,44,5
994,female,40,4
995,male,51,1
996,female,39,2
997,female,59,2
998,female,51,2
999,female,21,2
1000,female,48,2
1001,female,51,5
1002,female,32,3
1003,male,43,4
1004,female,49,3
1005,male,57,2
1006,male,48,3
1007,female,23,3
1008,female,25,5
1009,female,28,3
1010,female,49,4
1011,female,53,1
1012,female,51,5
1013,female,19,2
1014,female,25,1
1015,male,27,3
1016,male,42,2
1017,female,48,5
1018,female,38,5
1019,female,42,2
1020,male,50,4
1021,male,32,3
1022,male,38,1
1023,male,35,4
1024,female,29,5
1025,female,29,2
1026,female,40,1
1027,male,32,2
1028,male,24,1
1029,male,21,4
1030,female,57,1
1031,male,52,1
1032,male,47,1
1033,female,32,1
1034,male,20,4
1035,female,58,1
1036,female,58,3
1037,male,26,5
1038,female,29,1
1039,male,48,2
1040,female,32,2
1041,male,35,3
1042,female,36,5
1043,female,38,5
1044,female,19,3
1045,female,28,3
1046,female,53,4
1047,female,58,4
1048,female,44,1
1049,female,41,5
1050,female,19,4
1051,female,32,5
1052,female,33,4
1053,male,47,5
1054,female,48,5
1055,male,58,3
1056,female,40,4
1057,female,52,3
1058,female,45,3
1059,male,22,1
1060,female,23,5
1061,female,47,4
1062,female,37,1
1063,male,29,3
1064,female,52,5
1065,female,26,2
1066,female,57,5
1067,female,51,2
1068,female,55,4
1069,male,35,3
1070,female,57,1
1071,female,45,5
1072,male,53,3
1073,male,31,5
1074,female,36,4
1075,female,55,5
1076,male,39,2
1077,male,46,2
1078,female,30,1
1079,male,59,4
1080,female,41,4
1081,female,30,1
1082,female,25,1
1083,male,35,5
1084,female,35,1
1085,female,44,3
1086,female,22,5
1087,female,38,1
1088,female,18,5
1089,female,25,4
1090,female,54,1
1091,female,51,4
1092,male,45,1
1093,female,24,5
1094,female,23,4
1095,male,52,2
1096,male,24,3
1097,female,27,4
1098,female,34,1
1099,female,29,1
1100,female,30,3
1101,male,37,2
1102,male,33,4
1103,female,37,2
1104,male,52,4
1105,female,31,5
1106,male,55,2
1107,male,43,2
1108,male,48,3
1109,female,34,4
1110,female,42,2
1111,female,51,1
1112,male,49,3
1113,female,49,5
1114,female,51,5
1115,male,27,3
1116,female,28,3
1117,female,40,5
1118,male,56,4
1119,female,39,4
1120,female,22,2
1121,male,22,4
1122,female,57,5
1123,female,46,1
1124,female,42,4
1125,male,30,5
1126,female,45,4
1127,male,30,3
1128,male,21,1
1129,female,50,5
1130,female,52,1
1131,female,47,4
1132,male,47,2
1133,female,23,1
1134,female,56,5
1135,male,58,5
1136,female,59,1
1137,female,25,2
1138,female,29,3
1139,female,18,4
1140,female,52,4
1141,female,43,2
1142,male,23,5
1143,female,55,3
1144,female,38,4
1145,female,58,1
1146,female,25,5
1147,female,25,1
1148,male,49,2
1149,female,31,3
1150,male,58,5
1151,male,39,4
1152,female,46,1
1153,male,44,2
1154,male,42,5
1155,female,57,1
1156,female,48,4
1157,female,44,3
1158,female,42,3
1159,female,53,2
1160,male,51,4
1161,female,52,4
1162,male,55,5
1163,female,56,5
1164,female,20,2
1165,female,24,4
1166,male,20,4
1167,male,54,4
1168,female,18,5
1169,female,58,5
1170,male,37,2
1171,female,19,5
1172,male,48,5
1173,female,19,2
1174,female,37,5
1175,female,21,1
1176,female,31,5
1177,female,59,3
1178,female,24,3
1179,female,55,2
1180,male,21,4
1181,female,38,2
1182,male,18,4
1183,female,46,3
1184,male,59,4
1185,male,42,4
1186,female,40,2
1187,male,47,4
1188,male,35,2
1189,female,35,1
1190,male,37,4
1191,female,18,5
1192,female,39,3
1193,male,37,3
1194,male,47,3
1195,male,57,5
1196,female,19,1
1197,female,49,5
1198,female,59,4
1199,female,54,3
1200,female,45,5
1201,female,36,1
1202,male,32,1
1203,female,46,1
1204,female,21,3
1205,female,43,4
1206,male,46,4
1207,female,27,2
1208,male,50,3
1209,female,42,2
1210,female,56,2
1211,male,35,3
1212,male,25,3
1213,female,48,2
1214,female,52,1
1215,female,43,4
1216,female,32,1
1217,female,50,1
1218,male,25,1
1219,female,21,2
1220,female,38,2
1221,male,19,3
1222,female,19,3
1223,female,46,3
1224,female,39,3
1225,female,52,4
1226,male,24,1
1227,female,55,1
1228,female,21,1
1229,female,50,4
1230,female,28,5
1231,female,21,4
1232,female,40,3
1233,female,40,5
1234,male,32,5
1235,male,46,1
1236,male,46,2
1237,male,34,2
1238,male,24,1
1239,female,50,3
1240,female,35,2
1241,female,54,1
1242,male,19,5
1243,female,59,1
1244,female,44,2
1245,female,31,2
1246,female,21,3
1247,male,47,4
1248,female,56,4
1249,female,54,2
1250,female,25,3
1251,female,49,4
1252,male,23,5
1253,female,51,1
1254,male,30,1
1255,male,21,3
1256,female,53,4
1257,male,45,1
1258,male,44,4
1259,male,50,4
1260,female,50,3
1261,male,47,2
1262,female,31,4
1263,female,39,2
1264,female,54,1
1265,male,31,3
1266,female,20,3
1267,female,26,1
1268,male,42,2
1269,male,51,3
1270,female,40,2
1271,female,59,5
1272,female,38,2
1273,male,25,4
1274,female,49,1
1275,male,25,4
1276,female,58,1
1277,male,27,2
1278,female,39,3
1279,male,22,1
1280,male,29,2
1281,female,32,4
1282,male,30,2
1283,male,57,3
1284,male,28,1
1285,female,48,2
1286,female,42,2
1287,female,22,2
1288,male,56,1
1289,male,29,2
1290,male,53,5
1291,female,37,5
1292,male,28,4
1293,female,20,2
1294,female,41,1
1295,male,30,2
1296,male,21,4
1297,female,52,2
1298,male,28,1
1299,male,51,2
1300,female,21,3
1301,female,49,3
1302,female,40,4
1303,male,48,2
1304,female,29,4
1305,female,31,1
1306,female,19,1
1307,female,32,3
1308,male,45,2
1309,female,54,2
1310,female,44,2
1311,male,51,5
1312,female,30,1
1313,male,54,5
1314,male,45,5
1315,male,19,4
1316,female,40,4
1317,female,19,4
1318,female,43,2
1319,male,36,3
1320,female,37,5
1321,female,19,1
1322,female,45,5
1323,female,44,5
1324,female,45,4
1325,female,37,5
1326,female,36,2
1327,female,56,1
1328,male,20,3
1329,male,37,1
1330,female,35,3
1331,female,39,1
1332,male,19,1
1333,female,29,5
1334,male,56,1
1335,female,47,5
1336,male,20,2
1337,female,20,1
1338,female,31,2
1339,male,35,3
1340,male,40,1
1341,female,35,5
1342,female,36,1
1343,female,56,2
1344,female,39,2
1345,female,47,3
1346,female,50,2
1347,male,19,1
1348,female,53,3
1349,female,56,4
1350,female,18,3
1351,female,47,1
1352,female,36,1
1353,female,34,2
1354,female,56,5
1355,female,54,3
1356,female,32,4
1357,male,24,1
1358,female,59,1
1359,female,25,5
1360,female,35,1
1361,female,58,4
1362,female,46,5
1363,male,44,3
1364,female,40,1
1365,female,24,2
1366,female,35,2
1367,male,54,1
1368,male,30,2
1369,female,24,1
1370,male,46,3
1371,female,53,4
1372,male,46,5
1373,female,48,1
1374,female,31,2
1375,male,58,4
1376,female,30,5
1377,male,31,5
1378,female,32,1
1379,female,35,4
1380,female,51,3
1381,female,57,1
1382,female,56,3
1383,male,51,4
1384,female,42,5
1385,female,47,3
1386,female,29,2
1387,female,40,3
1388,female,26,5
1389,male,36,2
1390,female,27,1
1391,male,26,3
1392,male,59,2
1393,female,21,4
1394,female,25,3
1395,female,23,1
1396,male,33,2
1397,male,19,4
1398,female,25,1
1399,female,29,4
1400,female,58,1
1401,male,28,4
1402,male,30,4
1403,female,38,3
1404,female,36,5
1405,male,55,1
1406,male,35,2
1407,female,57,5
1408,female,28,5
1409,female,48,4
1410,female,29,3
1411,female,28,5
1412,male,29,2
1413,female,27,3
1414,male,50,5
1415,male,32,3
1416,female,32,1
1417,female,40,2
1418,male,24,4
1419,male,37,3
1420,male,48,5
1421,female,46,4
1422,male,18,5
1423,male,19,2
1424,female,21,4
1425,male,36,4
1426,female,41,5
1427,female,59,5
1428,female,58,2
1429,male,29,3
1430,male,39,2
1431,female,27,1
1432,male,30,1
1433,female,20,2
1434,female,44,1
1435,male,43,1
1436,male,20,5
1437,female,41,4
1438,male,55,5
1439,female,43,5
1440,male,59,1
1441,female,34,3
1442,female,51,1
1443,female,37,5
1444,female,36,5
1445,female,41,1
1446,male,43,2
1447,male,38,3
1448,male,55,3
1449,female,21,5
1450,male,37,1
1451,female,59,4
1452,female,57,5
1453,male,41,5
1454,male,54,4
1455,male,26,2
1456,female,41,3
1457,female,27,4
1458,female,36,1
1459,female,28,5
1460,male,18,4
1461,female,57,5
1462,female,55,4
1463,female,39,3
1464,male,33,1
1465,female,33,5
1466,female,54,3
1467,female,28,4
1468,male,20,2
1469,female,51,5
1470,female,26,4
1471,female,50,1
1472,male,19,5
1473,female,58,4
1474,female,50,3
1475,female,55,5
1476,female,49,5
1477,female,19,1
1478,female,29,4
1479,female,22,2
1480,female,44,1
1481,female,32,3
1482,female,40,2
1483,male,50,2
1484,female,25,4
1485,female,39,1
1486,female,19,3
1487,female,43,2
1488,male,31,3
1489,male,50,5
1490,female,45,4
1491,male,55,5
1492,male,45,5
1493,female,48,3
1494,female,35,2
1495,female,43,3
1496,female,38,1
1497,female,36,1
1498,female,56,4
1499,male,44,4
1500,male,36,4
1501,male,57,5
1502,female,43,3
1503,female,59,4
1504,male,22,3
1505,female,36,4
1506,female,33,3
1507,female,23,4
1508,female,31,2
1509,female,28,1
1510,female,31,1
1511,male,30,3
1512,female,52,3
1513,male,37,5
1514,male,36,4
1515,male,50,1
1516,female,27,1
1517,female,54,1
1518,female,43,5
1519,female,31,4
1520,female,50,2
1521,female,25,1
1522,female,50,2
1523,male,49,4
1524,male,31,4
1525,female,33,3
1526,female,33,2
1527,male,32,5
1528,male,35,3
1529,female,39,1
1530,female,21,1
1531,female,52,1
1532,female,29,3
1533,female,35,5
1534,female,19,2
1535,female,48,4
1536,female,37,2
1537,female,55,4
1538,female,30,4
1539,female,39,2
1540,female,18,2
1541,female,18,4
1542,female,27,5
1543,male,35,5
1544,male,42,3
1545,female,42,3
1546,male,41,2
1547,male,42,1
1548,female,44,2
1549,female,48,2
1550,male,20,3
1551,male,37,5
1552,female,42,2
1553,female,25,2
1554,female,30,1
1555,male,45,2
1556,female,40,3
1557,female,40,3
1558,male,20,3
1559,female,51,1
1560,male,22,3
1561,female,53,3
1562,male,24,4
1563,female,22,1
1564,female,59,4
1565,male,56,4
1566,male,33,3
1567,female,51,1
1568,male,46,4
1569,male,53,2
1570,male,38,4
1571,female,31,2
1572,male,24,1
1573,female,48,2
1574,male,42,5
1575,female,34,5
1576,female,29,1
1577,male,57,4
1578,female,35,2
1579,female,27,4
1580,female,18,5
1581,female,32,2
1582,female,30,2
1583,female,33,3
1584,female,47,1
1585,female,51,5
1586,male,58,3
1587,male,29,4
1588,male,55,1
1589,male,58,3
1590,female,19,1
1591,female,58,3
1592,male,36,5
1593,female,30,1
1594,female,55,2
1595,male,30,3
1596,female,34,5
1597,male,43,3
1598,male,19,5
1599,female,42,3
1600,male,30,5
1601,female,52,2
1602,female,53,1
1603,male,54,1
1604,female,56,5
1605,female,25,2
1606,female,27,2
1607,female,54,3
1608,female,36,3
1609,female,18,4
1610,female,38,2
1611,female,34,5
1612,female,40,3
1613,female,26,2
1614,female,20,5
1615,female,49,2
1616,male,36,3
1617,male,57,1
1618,female,57,2
1619,female,25,1
1620,female,20,3
1621,female,36,3
1622,female,50,5
1623,female,57,2
1624,female,23,1
1625,female,23,5
1626,female,55,5
1627,male,25,1
1628,female,34,2
1629,female,32,3
1630,female,49,1
1631,female,22,3
1632,female,52,5
1633,male,43,1
1634,male,25,5
1635,female,25,4
1636,female,59,5
1637,female,46,3
1638,male,21,4
1639,male,41,4
1640,female,53,5
1641,female,48,5
1642,male,52,5
1643,female,20,5
1644,female,50,5
1645,female,46,4
1646,female,33,2
1647,female,54,1
1648,female,39,3
1649,female,32,3
1650,male,49,3
1651,female,34,1
1652,male,39,1
1653,female,24,5
1654,female,30,5
1655,male,52,3
1656,male,43,3
1657,female,53,2
1658,female,42,3
1659,female,24,3
1660,male,29,2
1661,female,33,1
1662,male,44,5
1663,female,48,5
1664,male,42,1
1665,female,46,3
1666,female,36,3
1667,female,25,4
1668,female,52,5
1669,female,20,4
1670,female,42,4
1671,male,34,3
1672,female,42,5
1673,female,48,2
1674,female,48,3
1675,female,28,4
1676,female,25,3
1677,female,53,5
1678,female,36,4
1679,female,49,5
1680,female,56,2
1681,female,33,4
1682,female,42,1
1683,male,45,5
1684,female,58,5
1685,female,39,1
1686,female,38,3
1687,female,45,1
1688,female,49,2
1689,female,18,5
1690,female,59,5
1691,male,33,2
1692,female,34,5
1693,female,20,5
1694,female,26,3
1695,female,20,1
1696,female,45,1
1697,male,43,3
1698,male,49,3
1699,female,20,1
1700,female,27,4
1701,male,51,1
1702,female,29,3
1703,female,27,4
1704,male,26,4
1705,female,37,4
1706,female,29,4
1707,female,54,4
1708,female,22,4
1709,female,38,3
1710,male,41,5
1711,female,39,3
1712,female,44,5
1713,male,28,3
1714,female,44,2
1715,female,23,3
1716,male,22,4
1717,male,20,2
1718,female,20,3
1719,male,36,3
1720,male,50,2
1721,female,31,5
1722,female,54,2
1723,female,47,1
1724,female,48,3
1725,female,40,2
1726,female,54,4
1727,female,53,5
1728,female,20,3
1729,male,34,1
1730,female,30,5
1731,female,35,5
1732,male,53,3
1733,female,32,4
1734,male,53,4
1735,male,18,5
1736,male,34,2
1737,female,44,5
1738,male,54,5
1739,female,33,5
1740,female,32,4
1741,female,27,4
1742,female,37,5
1743,female,54,1
1744,female,34,4
1745,female,54,3
1746,female,37,4
1747,female,37,5
1748,female,42,5
1749,female,32,2
1750,female,24,2
1751,male,22,5
1752,male,25,4
1753,female,39,2
1754,female,43,4
1755,female,29,3
1756,female,40,5
1757,male,20,3
1758,female,39,2
1759,female,40,2
1760,female,21,3
1761,female,27,1
1762,male,20,1
1763,male,36,2
1764,female,44,3
1765,female,31,4
1766,female,28,5
1767,female,26,5
1768,male,34,4
1769,male,36,4
1770,male,34,4
1771,female,24,3
1772,female,54,5
1773,female,37,2
1774,female,26,2
1775,male,43,2
1776,female,30,3
1777,female,52,3
1778,female,39,2
1779,male,21,3
1780,female,56,1
1781,male,51,1
1782,male,24,1
1783,female,33,3
1784,female,51,3
1785,female,34,1
1786,male,51,2
1787,male,33,1
1788,female,48,2
1789,female,40,1
1790,female,59,5
1791,female,55,5
1792,male,34,1
1793,female,32,1
1794,male,24,2
1795,male,47,1
1796,male,46,4
1797,female,36,1
1798,male,27,3
1799,female,40,5
1800,female,40,4
1801,male,19,5
1802,female,18,5
1803,female,22,5
1804,female,21,5
1805,male,26,3
1806,male,45,5
1807,female,22,2
1808,female,43,5
1809,male,42,1
1810,female,40,5
1811,male,27,1
1812,female,34,5
1813,male,48,5
1814,male,32,1
1815,female,33,5
1816,male,58,3
1817,female,20,4
1818,female,46,2
1819,male,22,2
1820,female,39,4
1821,male,57,5
1822,female,52,3
1823,female,56,5
1824,female,42,4
1825,female,58,1
1826,male,27,4
1827,female,46,2
1828,male,20,4
1829,female,37,5
1830,male,55,4
1831,male,31,1
1832,male,54,4
1833,female,23,2
1834,female,51,1
1835,female,53,4
1836,male,28,1
1837,female,45,2
1838,female,57,1
1839,male,18,1
1840,female,37,3
1841,female,55,4
1842,female,53,5
1843,male,41,5
1844,female,53,4
1845,male,39,2
1846,male,38,1
1847,male,35,5
1848,female,24,1
1849,female,28,2
1850,female,21,2
1851,female,25,5
1852,male,30,3
1853,male,49,2
1854,female,56,5
1855,female,28,3
1856,male,34,3
1857,female,52,3
1858,female,47,3
1859,male,41,2
1860,female,39,1
1861,male,24,2
1862,female,43,1
1863,female,23,3
1864,female,45,3
1865,female,38,2
1866,female,44,5
1867,female,28,3
1868,female,25,5
1869,female,57,2
1870,female,55,4
1871,female,36,4
1872,male,38,2
1873,female,21,3
1874,female,40,5
1875,female,51,1
1876,female,31,1
1877,male,19,3
1878,female,35,1
1879,female,35,3
1880,male,28,5
1881,female,30,5
1882,male,21,2
1883,female,38,4
1884,male,39,5
1885,male,53,2
1886,male,40,2
1887,female,25,2
1888,female,32,2
1889,female,58,3
1890,male,45,5
1891,male,30,3
1892,female,49,5
1893,female,19,4
1894,female,40,3
1895,female,21,2
1896,female,54,5
1897,female,55,3
1898,female,38,1
1899,female,40,1
1900,male,53,3
1901,female,33,3
1902,male,56,3
1903,female,43,3
1904,male,40,2
1905,female,24,5
1906,female,38,4
1907,male,47,4
1908,female,52,5
1909,male,39,5
1910,male,51,4
1911,female,35,3
1912,male,31,4
1913,female,49,5
1914,male,24,3
1915,female,35,2
1916,male,56,3
1917,female,35,1
1918,male,19,2
1919,female,21,4
1920,female,35,5
1921,female,59,2
1922,female,37,3
1923,female,43,1
1924,male,24,4
1925,male,20,2
1926,female,23,3
1927,female,36,4
1928,male,25,4
1929,female,46,4
1930,female,47,2
1931,female,48,3
1932,male,33,3
1933,female,36,4
1934,female,47,2
1935,female,42,5
1936,female,26,5
1937,female,22,4
1938,female,46,3
1939,female,29,5
1940,female,38,1
1941,female,31,2
1942,male,49,4
1943,male,19,5
1944,female,31,3
1945,female,32,1
1946,female,49,5
1947,female,43,2
1948,female,24,3
1949,female,23,4
1950,male,57,1
1951,female,39,4
1952,female,56,5
1953,male,54,4
1954,female,41,4
1955,male,45,2
1956,female,42,5
1957,female,20,3
1958,female,54,1
1959,female,19,4
1960,male,23,3
1961,female,40,1
1962,female,46,3
1963,female,51,3
1964,female,43,4
1965,female,38,2
1966,female,55,5
1967,male,54,1
1968,female,20,3
1969,male,45,3
1970,female,24,1
1971,male,26,3
1972,male,30,1
1973,female,47,5
1974,male,52,2
1975,male,49,1
1976,female,52,1
1977,female,25,1
1978,female,44,4
1979,female,22,3
1980,male,37,1
1981,female,31,2
1982,female,59,3
1983,male,35,5
1984,male,33,2
1985,male,20,2
1986,female,22,4
1987,male,34,3
1988,male,51,4
1989,male,28,4
1990,female,45,5
1991,female,54,1
1992,female,32,5
1993,female,22,1
1994,male,55,4
1995,female,46,1
1996,male,22,3
1997,female,36,1
1998,female,48,5
1999,male,55,1
2000,male,47,5
2001,male,37,5
2002,female,43,5
2003,female,26,2
2004,female,37,4
2005,male,25,3
2006,male,29,1
2007,male,54,4
2008,male,46,2
2009,female,23,5
2010,female,36,3
2011,male,21,2
2012,female,32,3
2013,female,47,5
2014,female,33,2
2015,female,49,4
2016,female,46,4
2017,male,51,4
2018,male,27,1
2019,female,53,3
2020,female,31,2
2021,male,44,1
2022,male,25,1
2023,female,44,3
2024,female,32,1
2025,female,21,4
2026,male,42,2
2027,female,27,4
2028,male,44,1
2029,male,47,1
2030,female,50,2
2031,male,37,3
2032,male,50,3
2033,female,44,4
2034,female,49,4
2035,male,53,1
2036,female,50,3
2037,female,24,3
2038,male,45,2
2039,female,20,3
2040,female,30,5
2041,female,20,4
2042,male,40,5
2043,male,53,3
2044,female,31,3
2045,female,32,4
2046,female,56,2
2047,female,43,1
2048,female,41,1
2049,female,46,4
2050,male,20,1
2051,female,33,4
2052,female,51,5
2053,female,47,2
2054,female,40,1
2055,female,20,1
2056,female,20,2
2057,male,26,4
2058,female,44,3
2059,female,42,3
2060,female,48,5
2061,male,58,3
2062,female,29,5
2063,female,46,2
2064,female,51,2
2065,female,20,5
2066,female,37,3
2067,female,45,1
2068,male,46,5
2069,female,25,3
2070,female,48,1
2071,male,32,3
2072,female,57,5
2073,female,30,1
2074,male,43,2
2075,male,46,3
2076,female,33,2
2077,female,47,3
2078,female,59,1
2079,female,19,2
2080,female,52,3
2081,male,45,1
2082,male,20,4
2083,female,22,5
2084,male,48,5
2085,male,45,4
2086,female,50,2
2087,female,38,5
2088,male,42,1
2089,female,37,2
2090,female,29,2
2091,male,43,2
2092,male,58,3
2093,female,25,1
2094,female,41,5
2095,male,31,3
2096,male,39,4
2097,female,53,3
2098,male,26,4
2099,female,41,1
2100,male,18,4
2101,female,36,2
2102,female,51,1
2103,female,46,5
2104,male,18,5
2105,male,32,4
2106,female,45,4
2107,female,38,1
2108,female,28,5
2109,male,47,2
2110,male,23,5
2111,male,41,3
2112,female,53,3
2113,female,32,5
2114,female,58,3
2115,male,30,2
2116,female,42,3
2117,male,28,5
2118,female,43,2
2119,male,28,4
2120,female,40,3
2121,female,31,3
2122,female,38,3
2123,female,39,4
2124,female,44,5
2125,male,50,4
2126,female,22,4
2127,male,55,3
2128,female,54,5
2129,female,28,4
2130,female,47,1
2131,female,25,2
2132,male,46,4
2133,female,27,3
2134,male,41,5
2135,female,47,2
2136,female,43,5
2137,male,33,2
2138,female,53,5
2139,female,54,5
2140,female,34,2
2141,male,52,3
2142,female,32,5
2143,male,54,2
2144,female,35,3
2145,male,46,5
2146,female,48,3
2147,female,33,5
2148,female,44,1
2149,male,44,4
2150,female,29,5
2151,male,58,4
2152,male,56,5
2153,male,21,5
2154,male,53,1
2155,male,59,1
2156,female,43,1
2157,male,38,5
2158,female,41,3
2159,male,20,3
2160,female,25,3
2161,female,57,1
2162,female,58,2
2163,female,18,3
2164,female,37,3
2165,female,49,5
2166,female,36,3
2167,female,22,2
2168,female,40,3
2169,female,36,1
2170,female,32,5
2171,female,37,3
2172,female,39,1
2173,female,44,1
2174,female,55,5
2175,female,23,4
2176,female,21,1
2177,male,18,1
2178,female,26,1
2179,female,38,5
2180,female,45,3
2181,female,57,1
2182,male,54,4
2183,male,30,2
2184,female,58,1
2185,female,52,3
2186,male,55,1
2187,male,42,4
2188,male,25,2
2189,male,20,3
2190,female,48,1
2191,male,18,1
2192,female,31,4
2193,female,44,2
2194,female,52,4
2195,female,30,4
2196,female,56,3
2197,female,41,5
2198,female,50,3
2199,male,37,3
2200,female,48,5
2201,female,20,2
2202,male,18,2
2203,female,30,4
2204,female,47,3
2205,female,39,1
2206,female,41,4
2207,male,58,3
2208,female,18,4
2209,female,39,1
2210,male,47,2
2211,male,35,3
2212,female,55,5
2213,female,47,4
2214,female,21,3
2215,male,48,4
2216,female,57,3
2217,female,53,2
2218,male,59,4
2219,male,38,1
2220,male,41,5
2221,male,21,3
2222,female,32,1
2223,female,21,2
2224,female,42,1
2225,female,58,3
2226,female,56,2
2227,female,56,2
2228,female,53,5
2229,female,41,4
2230,female,30,3
2231,male,28,5
2232,male,56,3
2233,female,26,4
2234,male,23,4
2235,female,20,2
2236,female,25,4
2237,female,26,4
2238,male,49,5
2239,male,47,2
2240,female,18,5
2241,male,46,4
2242,male,19,4
2243,female,59,2
2244,male,31,1
2245,female,44,3
2246,female,59,5
2247,male,37,3
2248,female,24,2
2249,female,58,3
2250,male,19,3
2251,female,56,2
2252,female,54,2
2253,female,25,3
2254,female,58,2
2255,female,27,3
2256,female,45,4
2257,female,55,5
2258,male,50,4
2259,female,20,3
2260,female,22,1
2261,female,51,3
2262,female,31,1
2263,female,34,2
2264,female,28,5
2265,female,47,2
2266,female,33,4
2267,male,51,3
2268,female,31,2
2269,female,25,4
2270,female,53,4
2271,female,44,2
2272,female,44,4
2273,female,45,1
2274,male,43,3
2275,female,44,3
2276,female,41,5
2277,male,42,4
2278,female,39,5
2279,male,19,5
2280,male,51,4
2281,male,59,3
2282,female,20,5
2283,female,39,3
2284,female,47,3
2285,male,36,5
2286,female,55,5
2287,male,48,3
2288,female,44,4
2289,female,32,5
2290,female,24,5
2291,male,43,1
2292,female,33,2
2293,female,32,1
2294,male,23,1
2295,female,30,4
2296,female,41,4
2297,male,32,3
2298,female,34,5
2299,male,40,5
2300,female,40,1
2301,female,49,5
2302,male,37,1
2303,female,59,2
2304,female,59,2
2305,male,53,1
2306,female,59,3
2307,female,41,1
2308,male,19,3
2309,female,18,3
2310,female,48,5
2311,female,32,4
2312,female,42,5
2313,female,41,1
2314,female,42,4
2315,male,49,5
2316,female,43,4
2317,female,18,2
2318,male,36,4
2319,female,25,3
2320,male,33,2
2321,female,26,5
2322,male,20,3
2323,male,45,5
2324,female,19,4
2325,female,44,5
2326,female,55,1
2327,female,44,1
2328,male,56,3
2329,female,40,1
2330,male,22,1
2331,male,23,2
2332,female,39,2
2333,female,32,2
2334,male,24,3
2335,male,27,4
2336,male,45,2
2337,female,25,5
2338,female,18,3
2339,male,35,5
2340,female,29,2
2341,female,38,2
2342,male,57,4
2343,female,33,5
2344,female,29,5
2345,female,28,1
2346,male,58,5
2347,female,41,1
2348,female,51,2
2349,female,54,1
2350,female,53,1
2351,female,41,3
2352,female,34,5
2353,female,33,3
2354,female,28,4
2355,female,55,4
2356,female,53,4
2357,female,55,5
2358,female,40,4
2359,male,57,4
2360,male,58,4
2361,female,59,5
2362,female,36,5
2363,female,37,2
2364,male,36,1
2365,female,28,2
2366,female,39,4
2367,female,43,2
2368,female,58,1
2369,male,35,4
2370,male,25,3
2371,male,52,2
2372,female,32,5
2373,female,52,1
2374,female,35,3
2375,female,46,2
2376,male,25,5
2377,female,58,5
2378,female,18,5
2379,female,31,1
2380,male,41,2
2381,male,51,1
2382,female,24,5
2383,female,53,1
2384,female,34,3
2385,female,37,4
2386,female,39,4
2387,female,30,2
2388,female,47,4
2389,female,33,5
2390,female,51,5
2391,male,31,2
2392,female,59,4
2393,female,56,5
2394,female,21,4
2395,male,35,2
2396,female,34,4
2397,female,54,2
2398,male,50,5
2399,female,48,3
2400,female,49,2
2401,female,39,4
2402,male,18,3
2403,female,24,3
2404,female,53,3
2405,female,29,5
2406,female,40,1
2407,male,40,1
2408,female,32,1
2409,female,46,2
2410,male,56,5
2411,male,37,3
2412,female,24,5
2413,female,53,5
2414,female,24,1
2415,female,27,5
2416,female,43,1
2417,female,50,2
2418,female,48,1
2419,male,47,1
2420,male,41,4
2421,female,42,3
2422,female,51,5
2423,male,52,5
2424,female,46,5
2425,female,44,2
2426,female,20,1
2427,female,50,5
2428,female,48,2
2429,female,38,1
2430,female,40,5
2431,female,47,1
2432,female,22,2
2433,male,47,4
2434,female,24,5
2435,male,44,1
2436,female,33,2
2437,female,43,1
2438,female,43,5
2439,female,39,4
2440,female,35,1
2441,female,33,4
2442,male,26,1
2443,male,55,5
2444,female,50,4
2445,female,26,2
2446,male,39,2
2447,female,51,4
2448,female,18,2
2449,female,51,4
2450,male,39,2
2451,male,51,1
2452,male,48,3
2453,female,46,5
2454,female,58,2
2455,female,45,5
2456,male,31,1
2457,female,29,4
2458,male,36,3
2459,female,58,3
2460,male,39,5
2461,female,55,3
2462,female,44,1
2463,female,34,3
2464,female,42,4
2465,male,46,2
2466,male,52,5
2467,female,56,4
2468,male,42,4
2469,female,24,3
2470,female,35,5
2471,female,52,2
2472,female,46,3
2473,female,34,2
2474,female,18,1
2475,female,19,1
2476,male,45,4
2477,female,32,1
2478,male,54,2
2479,male,21,5
2480,male,58,1
2481,female,21,4
2482,male,24,2
2483,female,33,2
2484,male,26,2
2485,male,23,1
2486,male,36,4
2487,female,36,4
2488,female,42,1
2489,male,29,1
2490,female,18,2
2491,female,28,3
2492,male,23,4
2493,female,56,3
2494,female,55,5
2495,female,23,4
2496,female,33,4
2497,female,25,1
2498,female,57,4
2499,female,27,1
2500,male,50,2
2501,female,34,1
2502,male,58,5
2503,female,20,2
2504,female,43,2
2505,male,18,2
2506,female,46,1
2507,female,54,2
2508,male,59,3
2509,female,25,5
2510,female,52,2
2511,female,27,3
2512,female,57,1
2513,female,20,5
2514,male,34,1
2515,female,33,5
2516,male,44,1
2517,male,20,5
2518,male,38,2
2519,male,53,3
2520,female,49,1
2521,male,18,1
2522,female,35,5
2523,female,19,2
2524,female,24,4
2525,male,26,1
2526,female,26,2
2527,female,22,2
2528,male,38,4
2529,female,28,3
2530,female,22,3
2531,male,18,2
2532,female,19,3
2533,male,47,5
2534,female,36,5
2535,female,31,4
2536,female,27,3
2537,female,50,2
2538,male,30,2
2539,female,22,2
2540,female,24,4
2541,female,35,3
2542,female,51,2
2543,male,50,3
2544,male,51,1
2545,female,56,5
2546,female,28,5
2547,male,36,5
2548,female,57,5
2549,female,47,5
2550,female,34,3
2551,female,40,2
2552,male,47,5
2553,female,35,3
2554,male,42,4
2555,female,43,3
2556,female,40,2
2557,female,18,5
2558,female,42,5
2559,female,39,3
2560,female,18,5
2561,female,44,1
2562,male,32,4
2563,female,57,1
2564,male,32,2
2565,male,22,1
2566,female,31,2
2567,male,53,5
2568,female,38,3
2569,female,40,5
2570,female,43,5
2571,male,56,3
2572,female,18,3
2573,male,51,4
2574,female,42,2
2575,female,19,1
2576,female,26,1
2577,female,20,2
2578,female,51,5
2579,female,53,2
2580,female,51,5
2581,male,40,3
2582,male,24,1
2583,female,23,2
2584,female,56,3
2585,female,45,1
2586,male,56,1
2587,female,50,2
2588,female,39,4
2589,male,31,1
2590,female,28,1
2591,female,42,3
2592,female,24,1
2593,female,41,3
2594,female,21,2
2595,male,26,3
2596,female,49,4
2597,male,35,5
2598,male,50,5
2599,female,20,2
2600,female,39,1
2601,female,41,1
2602,female,54,1
2603,female,46,3
2604,female,39,1
2605,male,24,3
2606,female,55,2
2607,male,27,2
2608,female,47,3
2609,female,48,2
2610,male,29,1
2611,female,48,2
2612,male,44,5
2613,male,49,4
2614,female,51,3
2615,female,47,1
2616,male,56,5
2617,female,55,5
2618,male,19,1
2619,female,35,4
2620,female,44,4
2621,male,19,2
2622,female,27,4
2623,male,40,5
2624,female,40,3
2625,female,55,5
2626,female,40,3
2627,male,31,5
2628,female,43,1
2629,female,21,4
2630,female,19,3
2631,female,34,2
2632,female,39,1
2633,male,45,5
2634,female,21,3
2635,male,37,5
2636,female,44,3
2637,female,36,1
2638,female,34,4
2639,female,58,3
2640,male,24,4
2641,female,47,4
2642,male,32,5
2643,female,27,4
2644,female,36,4
2645,female,38,3
2646,male,43,2
2647,female,55,5
2648,female,19,4
2649,male,57,1
2650,male,20,2
2651,female,25,5
2652,male,37,5
2653,female,32,1
2654,female,55,3
2655,female,21,4
2656,male,59,1
2657,female,48,5
2658,female,51,5
2659,female,42,1
2660,female,54,2
2661,female,22,5
2662,male,44,2
2663,female,26,2
2664,male,54,5
2665,female,28,3
2666,female,46,5
2667,female,23,4
2668,female,22,5
2669,female,50,2
2670,female,55,2
2671,male,53,2
2672,female,28,1
2673,female,55,1
2674,male,58,4
2675,female,51,3
2676,female,53,5
2677,female,22,1
2678,female,24,5
2679,female,26,5
2680,female,29,4
2681,female,55,1
2682,male,27,5
2683,female,55,4
2684,female,19,1
2685,male,52,3
2686,female,24,3
2687,male,47,1
2688,female,33,4
2689,female,30,1
2690,male,37,4
2691,male,31,2
2692,female,46,4
2693,female,21,2
2694,female,22,2
2695,female,57,4
2696,female,59,4
2697,male,22,2
2698,female,32,1
2699,female,38,4
2700,male,42,3
2701,male,36,4
2702,male,29,1
2703,male,47,3
2704,female,36,5
2705,male,58,5
2706,female,20,2
2707,male,51,5
2708,male,36,2
2709,male,38,1
2710,female,25,1
2711,male,38,4
2712,female,46,1
2713,female,38,1
2714,female,28,3
2715,male,22,2
2716,female,32,3
2717,female,23,1
2718,female,47,4
2719,male,52,2
2720,female,24,1
2721,male,41,3
2722,female,56,1
2723,male,22,4
2724,female,49,3
2725,female,58,4
2726,female,24,3
2727,male,26,2
2728,male,51,5
2729,female,51,3
2730,female,55,4
2731,female,52,5
2732,male,29,5
2733,male,24,4
2734,female,52,1
2735,female,29,4
2736,female,56,4
2737,female,21,2
2738,female,21,1
2739,female,51,5
2740,female,58,3
2741,female,38,1
2742,female,28,4
2743,female,24,5
2744,female,42,5
2745,female,31,3
2746,female,20,2
2747,female,24,5
2748,female,28,2
2749,female,53,2
2750,female,40,2
2751,male,18,4
2752,female,45,5
2753,female,31,5
2754,male,37,1
2755,female,26,3
2756,female,37,5
2757,female,25,3
2758,female,33,2
2759,female,49,5
2760,female,34,3
2761,male,33,5
2762,female,39,4
2763,male,45,5
2764,female,54,2
2765,female,46,1
2766,male,55,3
2767,male,54,4
2768,male,25,1
2769,male,21,5
2770,male,20,2
2771,female,59,5
2772,male,29,5
2773,male,39,3
2774,female,20,2
2775,female,49,4
2776,female,38,5
2777,male,44,4
2778,male,57,2
2779,male,18,5
2780,male,47,1
2781,female,42,1
2782,male,52,3
2783,female,47,2
2784,male,49,3
2785,male,58,2
2786,female,49,5
2787,female,21,4
2788,male,22,4
2789,female,45,4
2790,female,31,1
2791,female,28,5
2792,female,27,4
2793,female,37,3
2794,female,40,1
2795,male,37,5
2796,female,20,4
2797,male,25,1
2798,female,22,3
2799,female,30,5
2800,male,27,1
2801,male,44,2
2802,female,25,5
2803,female,53,5
2804,female,35,3
2805,male,23,2
2806,male,25,5
2807,male,35,5
2808,female,37,5
2809,female,30,2
2810,female,36,2
2811,female,29,2
2812,female,43,5
2813,male,42,5
2814,male,23,3
2815,male,54,1
2816,male,52,4
2817,female,53,1
2818,female,39,4
2819,female,26,4
2820,male,53,1
2821,female,32,2
2822,female,20,5
2823,female,42,1
2824,female,37,1
2825,female,55,5
2826,male,56,3
2827,female,59,5
2828,female,32,4
2829,male,54,4
2830,male,56,1
2831,female,51,5
2832,male,43,3
2833,female,26,2
2834,female,53,1
2835,female,48,3
2836,female,50,1
2837,female,40,4
2838,male,41,4
2839,male,21,2
2840,male,59,2
2841,female,59,2
2842,female,38,4
2843,female,25,3
2844,female,37,5
2845,female,59,3
2846,female,46,2
2847,male,20,4
2848,male,59,2
2849,female,25,2
2850,female,40,1
2851,female,44,5
2852,female,29,2
2853,male,47,1
2854,male,36,3
2855,female,21,5
2856,female,46,3
2857,female,28,3
2858,female,20,5
2859,female,54,1
2860,male,24,2
2861,female,42,2
2862,female,39,5
2863,male,23,4
2864,female,22,5
2865,female,19,5
2866,female,19,2
2867,male,31,2
2868,male,33,5
2869,female,33,1
2870,male,50,2
2871,female,20,4
2872,female,52,1
2873,female,55,4
2874,male,37,1
2875,female,28,5
2876,male,49,1
2877,male,43,3
2878,male,57,5
2879,female,28,2
2880,female,22,4
2881,female,30,3
2882,female,20,3
2883,male,18,2
2884,female,20,2
2885,male,32,3
2886,male,33,1
2887,female,20,2
2888,male,44,5
2889,male,28,2
2890,male,38,4
2891,female,31,2
2892,female,47,5
2893,female,42,3
2894,male,38,1
2895,female,24,3
2896,female,42,3
2897,male,33,1
2898,male,47,5
2899,female,21,4
2900,male,27,1
2901,female,55,1
2902,female,37,2
2903,female,18,5
2904,female,59,1
2905,female,28,3
2906,female,22,4
2907,male,36,3
2908,female,54,3
2909,female,35,1
2910,female,50,2
2911,female,25,4
2912,male,27,2
2913,female,32,1
2914,female,22,5
2915,male,33,3
2916,female,59,5
2917,male,44,3
2918,male,43,3
2919,male,32,5
2920,female,29,4
2921,female,55,2
2922,female,29,2
2923,female,59,3
2924,female,37,3
2925,male,40,5
2926,male,50,3
2927,male,56,1
2928,female,21,4
2929,male,28,3
2930,male,23,4
2931,female,46,1
2932,female,31,2
2933,male,24,4
2934,female,46,4
2935,female,56,1
2936,female,52,4
2937,female,47,5
2938,female,42,4
2939,female,51,5
2940,female,24,2
2941,female,54,2
2942,female,36,5
2943,female,38,5
2944,female,18,3
2945,female,44,4
2946,male,36,1
2947,male,50,3
2948,female,45,1
2949,female,27,2
2950,male,35,3
2951,female,25,2
2952,female,25,1
2953,female,59,1
2954,female,51,3
2955,female,47,4
2956,female,30,3
2957,female,44,2
2958,female,54,2
2959,female,35,3
2960,female,18,3
2961,female,29,5
2962,male,52,3
2963,female,21,1
2964,female,26,2
2965,female,42,2
2966,female,21,1
2967,female,51,2
2968,female,28,5
2969,male,40,4
2970,female,51,2
2971,female,28,4
2972,male,47,4
2973,male,45,4
2974,female,47,2
2975,female,50,1
2976,female,47,4
2977,female,40,1
2978,female,52,5
2979,female,41,1
2980,male,45,4
2981,male,26,2
2982,male,23,4
2983,male,27,2
2984,male,34,5
2985,female,51,1
2986,female,51,5
2987,female,26,1
2988,male,54,3
2989,male,30,1
2990,female,54,5
2991,female,33,2
2992,female,42,5
2993,female,41,5
2994,male,44,5
2995,male,19,5
2996,female,38,1
2997,male,25,1
2998,female,25,1
2999,female,51,4
3000,male,21,1
